áºÐáºÐ,ºÒºÒºØºÔ
à¹?à¸?à¸°à¹?à¹?à¹?,à¸?à¸¸à¸?à¸²à¸?à¸´à¹€à¸?à¸­
à¹?à¸?à¸°à¹?à¹?à¹?à¹?,à¸?à¸´à¸?à¸¸à¸?à¸²à¹€à¸?
à¹?à¸?à¸°à¹?à¹?à¹?à¹?à¹?,à¸?à¸²à¸?à¸´à¸?à¸¸à¸?à¸­
à¹?à¸?à¸°à¹?à¹?à¹?à¹?à¹?à¹?,à¸?à¸­à¸?à¸²à¸?à¸¸à¸?à¸´
à¹?à¸­à¹?à¸¢à¸?à¸±à¹?à¸§à¸¢à¸”à¸±à¹?à¸§à¸° à¸§à¸´à¸ à¸²à¸§à¹€à¸” à¸?à¸?à¸–à¸¹à¸?à¸¢à¸´à¸?,à¸—à¸°à¹€à¸¥à¸²à¸°à¸§à¸´à¸§à¸²à¸—
asdf,asdf
à¸?à¸´à¸ªà¸´à¸•à¹€à¸«à¸¥à¸µà¹?à¸¢à¸¡à¹?à¸«à¸” à¸—à¸´à¹?à¸?à¹€à¸?à¸·à¹?à¸­à¸?à¸—à¸¸à¸?à¹€à¸¢à¹?à¸?,à¹€à¸«à¸¥à¸µà¹?à¸¢à¸¡à¸—à¸¸à¸?à¸”à¸­à¸? à¹?à¸¥à¹?à¸§à¸?à¸­à¸?à¹€à¸?à¸·à¹?à¸­à¸?à¸?à¸±à¸?
à¸?à¸?à¸¡à¸?à¹?à¸­à¸?à¸?à¸²à¹?à¸¥à¸•,à¸?à¹?à¸­à¸?à¸?à¸²à¹?à¸¥à¸• à¸?à¹?à¸­à¸?à¸?à¸²à¹?à¸¥à¸• à¸?à¹?à¸­à¸?à¸?à¸²à¹?à¸¥à¸• à¸?à¹?à¸­à¸? à¸?à¹?à¸­à¸? à¸?à¹?à¸­à¸? à¸?à¹?à¸­à¸? à¸?à¹?à¸­à¸?à¸?à¸²à¹?à¸¥à¸•
test,testtest
´¨Õ¤èÒ,¤Ø¹·Ô´Ò¾Í¹ ªÒÇ¤Ùà¨ÇÕÂ§
test,testtest
test2,testtest
test3,testtest
test4,testtest
test5,äÁèà·ÊáÅéÇ
dddddddddddddddd,ddddddddd
¡¿Ë¡¿Ë¡,ÇÑ¹¹ÒºÕÍÂÒ¡ÃéÍ§àÃÕÂ¹
